<?xml version="1.0" encoding="utf-8"?>
<course xmlns="http://www.w3.org/2005/Atom">
	<course_id>17</course_id>
	<course_title type="text">sfhfh</course_title>
<unit>
	<unit_title type="text">Test3</unit_title>
	<unit_id>02</unit_id>
<lesson>
	<lesson_id>03</lesson_id>
	<lesson_type>O</lesson_type>
	<lesson_title>sggs</lesson_title>
	<lesson_description>
		<image>/shared_images/john.jpeg</image>
	</lesson_description>
	<task>
		<task_description>
			<video>/video/O/john.mp4</video>
		</task_description>
		<step_3>
			<image>/shared_images/john.jpeg</image>
			<image>/shared_images/muchenja.jpeg</image>
		<step_3>
		<step_4>
			<video>/video/O/chad.mpeg</video>
			<image>/shared_images/jamie.avi</image>
		<step_4>
		<step_5>
			<video>/video/O/masilo.mpeg</video>
			<image>/shared_images/mary.avi</image>
			<image>/shared_images/jennifer.avi</image>
			<image>/shared_images/lerato.avi</image>
		<step_5>
	</task>
</lesson>

<lesson>
	<lesson_id>01</lesson_id>
	<lesson_type>S2</lesson_type>
	<lesson_title>Recognising Software</lesson_title>
	<lesson_description>
		<image>/shared_images/john.jpeg</image>
	</lesson_description>
	<task>
		<task_description>
			<video>/video/S2/john.mp4</video>
		</task_description>
		<step_3>
			<image>/shared_images/john.jpeg</image>
			<image>/shared_images/muchenja.jpeg</image>
		<step_3>
		<step_4>
			<video>/video/S2/chad.mpeg</video>
			<image>/shared_images/jamie.avi</image>
		<step_4>
		<step_5>
			<video>/video/S2/masilo.mpeg</video>
			<image>/shared_images/mary.avi</image>
			<image>/shared_images/jennifer.avi</image>
			<image>/shared_images/lerato.avi</image>
		<step_5>
	</task>
</lesson>

</unit>

<unit>
	<unit_title type="text">test5</unit_title>
	<unit_id>03</unit_id>
<lesson>
	<lesson_id>03</lesson_id>
	<lesson_type>O</lesson_type>
	<lesson_title>sggs</lesson_title>
	<lesson_description>
		<image>/shared_images/john.jpeg</image>
	</lesson_description>
	<task>
		<task_description>
			<video>/video/O/john.mp4</video>
		</task_description>
		<step_3>
			<image>/shared_images/john.jpeg</image>
			<image>/shared_images/muchenja.jpeg</image>
		<step_3>
		<step_4>
			<video>/video/O/chad.mpeg</video>
			<image>/shared_images/jamie.avi</image>
		<step_4>
		<step_5>
			<video>/video/O/masilo.mpeg</video>
			<image>/shared_images/mary.avi</image>
			<image>/shared_images/jennifer.avi</image>
			<image>/shared_images/lerato.avi</image>
		<step_5>
	</task>
</lesson>

<lesson>
	<lesson_id>01</lesson_id>
	<lesson_type>S2</lesson_type>
	<lesson_title>Recognising Software</lesson_title>
	<lesson_description>
		<image>/shared_images/john.jpeg</image>
	</lesson_description>
	<task>
		<task_description>
			<video>/video/S2/john.mp4</video>
		</task_description>
		<step_3>
			<image>/shared_images/john.jpeg</image>
			<image>/shared_images/muchenja.jpeg</image>
		<step_3>
		<step_4>
			<video>/video/S2/chad.mpeg</video>
			<image>/shared_images/jamie.avi</image>
		<step_4>
		<step_5>
			<video>/video/S2/masilo.mpeg</video>
			<image>/shared_images/mary.avi</image>
			<image>/shared_images/jennifer.avi</image>
			<image>/shared_images/lerato.avi</image>
		<step_5>
	</task>
</lesson>

</unit>

</course>

