<?xml version="1.0" encoding="UTF-8"?>
<lesson>
        <lesson_id>01</lesson_id>
        <lesson_type>S2</lesson_type>
        <lesson_title>Recognising Software</lesson_title>
        <lesson_description>
            <image>john.jpeg</image>
        </lesson_description>
        <tasks>
                <task_description>
                    <video>john.mp4</video>
                </task_description>
                <step_1>
                    <image>john.jpeg</image>
                    <image>muchenja.jpeg</image>
                </step_1>
                <step_2>
                    <video>chad.mpeg</video>
                    <image>jamie.avi</image>
                </step_2>
                <step_3>
                    <video>masilo.mpeg</video>
                    <image>mary.avi</image>
                    <image>jennifer.avi</image>
                    <image>lerato.avi</image>
                </step_3>
        </tasks>
</lesson>
